Time,FPGA Temp.,Board Temp.,Board2 Temp.,XCVR Temp.,Fan RPM,12V V,12V A,Core V,Core A
0.109000,46.000000,44.000000,48.000000,44.000000,47.000000,3450.000000,3360.000000,12.225000,3.258000,0.826000,8.046000,0.826000,7.539000
0.344000,46.000000,44.000000,48.000000,44.000000,47.000000,3450.000000,3360.000000,12.225000,3.258000,0.826000,8.015000,0.826000,7.570000
0.563000,46.000000,44.000000,48.000000,44.000000,47.000000,3510.000000,3390.000000,12.225000,3.258000,0.826000,8.031000,0.826000,7.554000
0.781000,46.000000,44.000000,48.000000,44.000000,47.000000,3510.000000,3390.000000,12.225000,3.258000,0.826000,8.000000,0.826000,7.531000
1.000000,46.000000,44.000000,48.000000,44.000000,47.000000,3510.000000,3390.000000,12.225000,3.258000,0.827000,8.031000,0.826000,7.539000
1.219000,46.000000,44.000000,48.000000,44.000000,47.000000,3510.000000,3390.000000,12.225000,3.258000,0.826000,8.046000,0.826000,7.578000
1.438000,46.000000,44.000000,48.000000,44.000000,47.000000,3510.000000,3390.000000,12.225000,3.258000,0.826000,8.000000,0.827000,7.554000
1.672000,46.000000,44.000000,48.000000,44.000000,47.000000,3510.000000,3390.000000,12.225000,3.258000,0.826000,8.015000,0.826000,7.546000
1.891000,46.000000,44.000000,48.000000,44.000000,47.000000,3510.000000,3390.000000,12.225000,3.258000,0.826000,8.062000,0.826000,7.562000
2.109000,46.000000,44.000000,48.000000,44.000000,47.000000,3510.000000,3390.000000,12.225000,3.258000,0.826000,8.031000,0.826000,7.570000
2.328000,46.000000,44.000000,48.000000,44.000000,47.000000,3510.000000,3390.000000,12.225000,3.258000,0.826000,7.992000,0.826000,7.554000
2.563000,46.000000,44.000000,48.000000,44.000000,47.000000,3510.000000,3390.000000,12.225000,3.258000,0.826000,7.992000,0.826000,7.546000
2.781000,46.000000,44.000000,48.000000,44.000000,47.000000,3540.000000,3420.000000,12.225000,3.258000,0.827000,8.031000,0.826000,7.539000
3.000000,46.000000,44.000000,48.000000,44.000000,47.000000,3540.000000,3420.000000,12.225000,3.258000,0.826000,8.046000,0.826000,7.539000
3.219000,46.000000,44.000000,48.000000,44.000000,47.000000,3540.000000,3420.000000,12.225000,3.258000,0.826000,8.031000,0.826000,7.570000
3.438000,45.000000,44.000000,48.000000,44.000000,47.000000,3540.000000,3420.000000,12.225000,3.258000,0.826000,7.992000,0.826000,7.523000
3.672000,45.000000,44.000000,48.000000,44.000000,47.000000,3540.000000,3420.000000,12.225000,3.258000,0.826000,8.015000,0.826000,7.523000
3.891000,45.000000,44.000000,48.000000,44.000000,47.000000,3540.000000,3420.000000,12.225000,3.258000,0.826000,8.000000,0.826000,7.523000
4.109000,45.000000,44.000000,48.000000,44.000000,47.000000,3540.000000,3420.000000,12.225000,3.258000,0.826000,8.015000,0.826000,7.515000
4.328000,45.000000,44.000000,48.000000,44.000000,47.000000,3540.000000,3420.000000,12.225000,3.258000,0.826000,8.015000,0.826000,7.531000
4.547000,45.000000,44.000000,48.000000,44.000000,47.000000,3540.000000,3420.000000,12.225000,3.258000,0.826000,8.015000,0.826000,7.570000
4.781000,45.000000,44.000000,48.000000,44.000000,47.000000,3540.000000,3420.000000,12.225000,3.258000,0.826000,8.046000,0.826000,7.492000
5.000000,45.000000,44.000000,48.000000,44.000000,47.000000,3540.000000,3420.000000,12.225000,3.258000,0.827000,7.992000,0.826000,7.570000
5.219000,45.000000,44.000000,48.000000,44.000000,47.000000,3540.000000,3420.000000,12.225000,3.258000,0.826000,8.015000,0.826000,7.593000
5.438000,45.000000,44.000000,48.000000,44.000000,47.000000,3540.000000,3420.000000,12.225000,3.258000,0.826000,8.031000,0.826000,7.578000
5.672000,46.000000,44.000000,48.000000,44.000000,47.000000,3540.000000,3420.000000,12.225000,3.258000,0.826000,8.015000,0.826000,7.562000
5.891000,46.000000,44.000000,48.000000,44.000000,47.000000,3540.000000,3420.000000,12.225000,3.258000,0.827000,8.031000,0.826000,7.562000
6.109000,46.000000,44.000000,48.000000,44.000000,47.000000,3540.000000,3420.000000,12.225000,3.258000,0.827000,8.031000,0.826000,7.601000
6.344000,46.000000,44.000000,48.000000,44.000000,47.000000,3540.000000,3420.000000,12.225000,3.258000,0.827000,8.031000,0.826000,7.554000
6.563000,46.000000,44.000000,48.000000,44.000000,47.000000,3540.000000,3420.000000,12.225000,3.258000,0.826000,8.046000,0.826000,7.554000
6.781000,46.000000,44.000000,48.000000,44.000000,47.000000,3540.000000,3420.000000,12.225000,3.258000,0.826000,7.984000,0.826000,7.570000
7.000000,46.000000,44.000000,48.000000,44.000000,47.000000,3540.000000,3420.000000,12.225000,3.258000,0.827000,8.031000,0.826000,7.570000
7.219000,46.000000,44.000000,48.000000,44.000000,47.000000,3540.000000,3420.000000,12.225000,3.258000,0.826000,8.046000,0.826000,7.523000
7.453000,46.000000,44.000000,48.000000,44.000000,47.000000,3540.000000,3420.000000,12.225000,3.258000,0.826000,8.015000,0.826000,7.578000
7.672000,46.000000,44.000000,48.000000,44.000000,47.000000,3540.000000,3420.000000,12.225000,3.258000,0.826000,7.992000,0.826000,7.546000
7.891000,45.000000,44.000000,48.000000,44.000000,47.000000,3540.000000,3420.000000,12.225000,3.258000,0.826000,7.992000,0.826000,7.562000
8.109000,45.000000,44.000000,48.000000,44.000000,47.000000,3540.000000,3420.000000,12.225000,3.258000,0.826000,8.000000,0.826000,7.617000
8.344000,45.000000,44.000000,48.000000,44.000000,47.000000,3540.000000,3420.000000,12.225000,3.258000,0.826000,7.984000,0.826000,7.570000
8.563000,45.000000,44.000000,48.000000,44.000000,47.000000,3540.000000,3420.000000,12.225000,3.258000,0.826000,8.031000,0.826000,7.562000
8.781000,45.000000,44.000000,48.000000,44.000000,47.000000,3540.000000,3420.000000,12.225000,3.266000,0.826000,8.062000,0.826000,7.609000
9.000000,45.000000,44.000000,48.000000,44.000000,47.000000,3540.000000,3420.000000,12.225000,3.258000,0.826000,8.015000,0.826000,7.578000
9.234000,45.000000,44.000000,48.000000,44.000000,47.000000,3540.000000,3420.000000,12.225000,3.258000,0.827000,8.000000,0.826000,7.554000
9.453000,45.000000,44.000000,48.000000,44.000000,47.000000,3540.000000,3420.000000,12.225000,3.258000,0.826000,8.000000,0.826000,7.554000
9.672000,45.000000,44.000000,48.000000,44.000000,47.000000,3540.000000,3420.000000,12.225000,3.258000,0.826000,8.015000,0.826000,7.539000
9.906000,45.000000,44.000000,48.000000,44.000000,47.000000,3540.000000,3420.000000,12.225000,3.258000,0.826000,8.000000,0.826000,7.585000
10.141000,45.000000,44.000000,48.000000,44.000000,47.000000,3540.000000,3420.000000,12.225000,3.258000,0.826000,8.031000,0.826000,7.539000
10.359000,45.000000,44.000000,48.000000,44.000000,47.000000,3540.000000,3420.000000,12.225000,3.258000,0.826000,8.031000,0.826000,7.585000
10.578000,45.000000,44.000000,48.000000,44.000000,47.000000,3540.000000,3420.000000,12.225000,3.258000,0.826000,8.031000,0.826000,7.531000
10.797000,45.000000,44.000000,48.000000,44.000000,47.000000,3540.000000,3420.000000,12.225000,3.258000,0.826000,7.968000,0.826000,7.539000
11.031000,45.000000,44.000000,48.000000,44.000000,47.000000,3540.000000,3420.000000,12.225000,3.258000,0.826000,8.031000,0.826000,7.562000
11.250000,45.000000,44.000000,48.000000,44.000000,47.000000,3540.000000,3420.000000,12.225000,3.258000,0.826000,8.000000,0.826000,7.578000
11.469000,45.000000,44.000000,48.000000,44.000000,47.000000,3540.000000,3420.000000,12.225000,3.258000,0.827000,7.976000,0.826000,7.585000
11.688000,45.000000,44.000000,48.000000,44.000000,47.000000,3540.000000,3390.000000,12.225000,3.258000,0.826000,8.000000,0.826000,7.554000
11.922000,45.000000,44.000000,48.000000,44.000000,47.000000,3540.000000,3390.000000,12.225000,3.258000,0.826000,8.031000,0.826000,7.570000
12.141000,45.000000,44.000000,48.000000,44.000000,47.000000,3540.000000,3390.000000,12.225000,3.258000,0.827000,8.031000,0.826000,7.570000
12.359000,46.000000,44.000000,48.000000,44.000000,47.000000,3540.000000,3390.000000,12.225000,3.258000,0.826000,7.984000,0.826000,7.546000
12.578000,46.000000,44.000000,48.000000,44.000000,47.000000,3540.000000,3390.000000,12.225000,3.258000,0.826000,8.015000,0.826000,7.539000
12.828000,46.000000,44.000000,48.000000,44.000000,47.000000,3540.000000,3390.000000,12.225000,3.258000,0.826000,7.976000,0.826000,7.531000
13.047000,46.000000,44.000000,48.000000,44.000000,47.000000,3540.000000,3390.000000,12.225000,3.258000,0.826000,8.015000,0.826000,7.585000
13.266000,46.000000,44.000000,48.000000,44.000000,47.000000,3540.000000,3390.000000,12.225000,3.258000,0.826000,8.015000,0.826000,7.539000
13.484000,46.000000,44.000000,48.000000,44.000000,47.000000,3540.000000,3390.000000,12.225000,3.258000,0.826000,8.031000,0.826000,7.554000
13.703000,46.000000,44.000000,48.000000,44.000000,47.000000,3540.000000,3390.000000,12.225000,3.258000,0.826000,8.031000,0.826000,7.578000
13.938000,46.000000,44.000000,48.000000,44.000000,47.000000,3510.000000,3390.000000,12.225000,3.258000,0.826000,8.046000,0.826000,7.515000
14.156000,46.000000,44.000000,48.000000,44.000000,47.000000,3510.000000,3390.000000,12.225000,3.600000,0.826000,8.812000,0.826000,8.296000
14.375000,46.000000,44.000000,48.000000,44.000000,47.000000,3510.000000,3390.000000,12.225000,3.600000,0.826000,8.812000,0.826000,8.312000
14.594000,45.000000,44.000000,48.000000,44.000000,47.000000,3510.000000,3390.000000,12.225000,3.600000,0.826000,8.750000,0.826000,8.281000
14.828000,45.000000,44.000000,48.000000,44.000000,47.000000,3510.000000,3390.000000,12.225000,3.608000,0.827000,8.781000,0.826000,8.312000
15.047000,45.000000,44.000000,48.000000,44.000000,47.000000,3510.000000,3390.000000,12.225000,3.608000,0.827000,8.734000,0.826000,8.296000
15.266000,45.000000,44.000000,48.000000,44.000000,47.000000,3510.000000,3390.000000,12.225000,3.608000,0.826000,8.796000,0.826000,8.328000
15.484000,45.000000,44.000000,48.000000,44.000000,47.000000,3510.000000,3390.000000,12.225000,3.600000,0.827000,8.781000,0.826000,8.265000
15.703000,45.000000,44.000000,48.000000,44.000000,47.000000,3510.000000,3390.000000,12.225000,3.600000,0.827000,8.812000,0.826000,8.281000
15.938000,45.000000,44.000000,48.000000,44.000000,47.000000,3510.000000,3390.000000,12.225000,3.600000,0.826000,8.796000,0.826000,8.312000
16.156000,45.000000,44.000000,48.000000,44.000000,47.000000,3510.000000,3390.000000,12.225000,3.600000,0.826000,8.796000,0.826000,8.296000
16.375000,45.000000,44.000000,48.000000,44.000000,47.000000,3510.000000,3390.000000,12.225000,3.600000,0.826000,8.765000,0.826000,8.296000
16.594000,45.000000,44.000000,48.000000,44.000000,47.000000,3510.000000,3390.000000,12.225000,3.600000,0.827000,8.781000,0.826000,8.328000
16.827999,45.000000,44.000000,48.000000,44.000000,47.000000,3510.000000,3390.000000,12.225000,3.600000,0.827000,8.781000,0.826000,8.406000
17.047001,45.000000,44.000000,48.000000,44.000000,47.000000,3510.000000,3390.000000,12.225000,3.600000,0.827000,8.765000,0.826000,8.281000
17.266001,45.000000,44.000000,48.000000,44.000000,47.000000,3510.000000,3390.000000,12.225000,3.608000,0.826000,8.812000,0.826000,8.250000
17.483999,45.000000,44.000000,48.000000,44.000000,47.000000,3510.000000,3390.000000,12.225000,3.600000,0.826000,8.828000,0.826000,8.312000
17.719000,45.000000,44.000000,48.000000,44.000000,47.000000,3510.000000,3390.000000,12.225000,3.600000,0.826000,8.765000,0.826000,8.312000
17.938000,45.000000,44.000000,48.000000,44.000000,47.000000,3510.000000,3390.000000,12.225000,3.600000,0.827000,8.812000,0.826000,8.328000
18.156000,45.000000,44.000000,48.000000,44.000000,47.000000,3510.000000,3390.000000,12.225000,3.600000,0.826000,8.796000,0.826000,8.296000
18.375000,45.000000,44.000000,48.000000,44.000000,47.000000,3510.000000,3390.000000,12.225000,3.600000,0.826000,8.765000,0.826000,8.312000
18.625000,45.000000,44.000000,48.000000,44.000000,47.000000,3510.000000,3390.000000,12.225000,3.600000,0.827000,8.781000,0.826000,8.312000
18.844000,46.000000,44.000000,48.000000,44.000000,47.000000,3510.000000,3390.000000,12.225000,3.600000,0.826000,8.781000,0.826000,8.296000
19.063000,46.000000,44.000000,48.000000,44.000000,47.000000,3510.000000,3390.000000,12.225000,3.600000,0.826000,8.781000,0.826000,8.250000
19.281000,46.000000,44.000000,48.000000,44.000000,47.000000,3510.000000,3390.000000,12.225000,3.600000,0.827000,8.781000,0.826000,8.296000
19.516001,46.000000,44.000000,48.000000,44.000000,47.000000,3510.000000,3390.000000,12.225000,3.608000,0.826000,8.828000,0.826000,8.234000
19.733999,46.000000,44.000000,48.000000,44.000000,47.000000,3510.000000,3390.000000,12.225000,3.608000,0.827000,8.750000,0.826000,8.296000
19.952999,46.000000,44.000000,48.000000,44.000000,47.000000,3510.000000,3390.000000,12.225000,3.600000,0.826000,8.843000,0.826000,8.281000
20.172001,46.000000,44.000000,48.000000,44.000000,47.000000,3510.000000,3390.000000,12.225000,3.600000,0.826000,8.812000,0.826000,8.328000
20.391001,46.000000,44.000000,48.000000,44.000000,47.000000,3510.000000,3390.000000,12.225000,3.608000,0.826000,8.812000,0.826000,8.296000
20.625000,46.000000,44.000000,48.000000,44.000000,47.000000,3480.000000,3390.000000,12.225000,3.600000,0.826000,8.781000,0.826000,8.265000
20.844000,46.000000,44.000000,48.000000,44.000000,47.000000,3480.000000,3390.000000,12.225000,3.608000,0.826000,8.812000,0.826000,8.343000
21.063000,45.000000,44.000000,48.000000,44.000000,47.000000,3480.000000,3390.000000,12.225000,3.600000,0.826000,8.750000,0.826000,8.281000
21.281000,45.000000,44.000000,48.000000,44.000000,47.000000,3480.000000,3390.000000,12.225000,3.600000,0.826000,8.796000,0.826000,8.296000
21.500000,45.000000,44.000000,48.000000,44.000000,47.000000,3480.000000,3390.000000,12.225000,3.608000,0.826000,8.796000,0.826000,8.265000
21.733999,45.000000,44.000000,48.000000,44.000000,47.000000,3480.000000,3390.000000,12.225000,3.608000,0.826000,8.812000,0.826000,8.296000
21.952999,45.000000,44.000000,48.000000,44.000000,47.000000,3480.000000,3390.000000,12.225000,3.600000,0.826000,8.765000,0.826000,8.312000
22.172001,45.000000,44.000000,48.000000,44.000000,47.000000,3480.000000,3390.000000,12.225000,3.608000,0.826000,8.765000,0.826000,8.328000
22.391001,45.000000,44.000000,48.000000,44.000000,47.000000,3480.000000,3390.000000,12.225000,3.600000,0.826000,8.796000,0.826000,8.296000
22.625000,45.000000,44.000000,48.000000,44.000000,47.000000,3480.000000,3390.000000,12.225000,3.600000,0.826000,8.796000,0.826000,8.281000
22.844000,45.000000,44.000000,48.000000,44.000000,47.000000,3480.000000,3390.000000,12.225000,3.600000,0.827000,8.796000,0.826000,8.312000
23.063000,45.000000,44.000000,48.000000,44.000000,47.000000,3480.000000,3390.000000,12.225000,3.600000,0.826000,8.750000,0.826000,8.265000
23.281000,46.000000,44.000000,48.000000,44.000000,47.000000,3480.000000,3390.000000,12.225000,3.600000,0.826000,8.765000,0.827000,8.312000
23.516001,46.000000,44.000000,48.000000,44.000000,47.000000,3480.000000,3390.000000,12.225000,3.600000,0.826000,8.750000,0.826000,8.296000
23.733999,46.000000,44.000000,48.000000,44.000000,47.000000,3480.000000,3390.000000,12.225000,3.600000,0.827000,8.812000,0.826000,8.328000
23.952999,46.000000,44.000000,48.000000,44.000000,47.000000,3480.000000,3390.000000,12.225000,3.608000,0.826000,8.781000,0.826000,8.296000
24.172001,46.000000,44.000000,48.000000,44.000000,47.000000,3480.000000,3390.000000,12.225000,3.600000,0.826000,8.828000,0.826000,8.250000
24.391001,46.000000,44.000000,48.000000,44.000000,47.000000,3480.000000,3390.000000,12.225000,3.600000,0.826000,8.796000,0.826000,8.250000
24.625000,46.000000,44.000000,48.000000,44.000000,47.000000,3480.000000,3390.000000,12.225000,3.600000,0.826000,8.828000,0.826000,8.359000
24.844000,46.000000,44.000000,48.000000,44.000000,47.000000,3480.000000,3390.000000,12.225000,3.608000,0.827000,8.796000,0.826000,8.328000
25.063000,46.000000,44.000000,48.000000,44.000000,47.000000,3510.000000,3390.000000,12.225000,3.608000,0.826000,8.796000,0.826000,8.296000
25.281000,46.000000,44.000000,48.000000,44.000000,47.000000,3510.000000,3390.000000,12.225000,3.608000,0.826000,8.812000,0.826000,8.375000
25.516001,46.000000,44.000000,48.000000,44.000000,47.000000,3510.000000,3390.000000,12.225000,3.608000,0.826000,8.750000,0.826000,8.265000
25.733999,46.000000,44.000000,48.000000,44.000000,47.000000,3510.000000,3390.000000,12.225000,3.608000,0.826000,8.734000,0.826000,8.328000
25.952999,46.000000,44.000000,48.000000,44.000000,47.000000,3510.000000,3390.000000,12.225000,3.608000,0.826000,8.750000,0.826000,8.296000
26.172001,46.000000,44.000000,48.000000,44.000000,47.000000,3510.000000,3390.000000,12.225000,3.608000,0.826000,8.781000,0.826000,8.296000
26.406000,46.000000,44.000000,48.000000,44.000000,47.000000,3510.000000,3390.000000,12.225000,3.608000,0.826000,8.750000,0.826000,8.343000
26.625000,46.000000,44.000000,48.000000,44.000000,47.000000,3510.000000,3390.000000,12.225000,3.608000,0.826000,8.765000,0.826000,8.312000
26.844000,46.000000,44.000000,48.000000,44.000000,47.000000,3510.000000,3390.000000,12.225000,3.608000,0.826000,8.734000,0.826000,8.265000
27.063000,46.000000,44.000000,48.000000,44.000000,47.000000,3510.000000,3390.000000,12.225000,3.608000,0.826000,8.796000,0.826000,8.281000
27.281000,46.000000,44.000000,48.000000,44.000000,47.000000,3570.000000,3420.000000,12.225000,3.608000,0.827000,8.750000,0.826000,8.328000
27.516001,46.000000,44.000000,48.000000,44.000000,47.000000,3570.000000,3420.000000,12.225000,3.608000,0.826000,8.812000,0.826000,8.250000
27.733999,46.000000,44.000000,48.000000,44.000000,47.000000,3570.000000,3420.000000,12.225000,3.608000,0.826000,8.828000,0.826000,8.328000
27.952999,46.000000,44.000000,48.000000,44.000000,47.000000,3570.000000,3420.000000,12.225000,3.608000,0.827000,8.781000,0.826000,8.328000
28.172001,46.000000,44.000000,48.000000,44.000000,47.000000,3570.000000,3420.000000,12.225000,3.608000,0.826000,8.750000,0.826000,8.296000
28.391001,46.000000,44.000000,48.000000,44.000000,47.000000,3570.000000,3420.000000,12.225000,3.600000,0.826000,8.765000,0.826000,8.218000
28.625000,46.000000,44.000000,48.000000,44.000000,47.000000,3570.000000,3420.000000,12.225000,3.608000,0.826000,8.781000,0.826000,8.359000
28.813000,46.000000,44.000000,48.000000,44.000000,47.000000,3570.000000,3420.000000,12.225000,3.608000,0.826000,8.812000,0.826000,8.343000
29.047001,46.000000,44.000000,48.000000,44.000000,47.000000,3570.000000,3420.000000,12.225000,3.608000,0.827000,8.812000,0.826000,8.312000
29.266001,46.000000,44.000000,48.000000,44.000000,47.000000,3570.000000,3420.000000,12.225000,3.608000,0.826000,8.781000,0.826000,8.265000
29.483999,46.000000,44.000000,48.000000,44.000000,47.000000,3570.000000,3450.000000,12.225000,3.608000,0.826000,8.843000,0.826000,8.328000
29.702999,46.000000,44.000000,48.000000,44.000000,47.000000,3570.000000,3450.000000,12.225000,3.608000,0.826000,8.765000,0.826000,8.312000
29.938000,45.000000,44.000000,48.000000,44.000000,47.000000,3570.000000,3450.000000,12.225000,3.608000,0.826000,8.781000,0.826000,8.281000
30.156000,45.000000,44.000000,48.000000,44.000000,47.000000,3570.000000,3450.000000,12.225000,3.608000,0.826000,8.812000,0.826000,8.265000
30.375000,45.000000,44.000000,48.000000,44.000000,47.000000,3570.000000,3450.000000,12.225000,3.608000,0.826000,8.734000,0.826000,8.312000
30.594000,45.000000,44.000000,48.000000,44.000000,47.000000,3570.000000,3450.000000,12.225000,3.608000,0.826000,8.781000,0.826000,8.250000
30.813000,45.000000,44.000000,48.000000,44.000000,47.000000,3570.000000,3450.000000,12.225000,3.608000,0.827000,8.750000,0.826000,8.296000
31.047001,45.000000,44.000000,48.000000,44.000000,47.000000,3570.000000,3450.000000,12.225000,3.608000,0.826000,8.796000,0.826000,8.265000
31.266001,45.000000,44.000000,48.000000,44.000000,47.000000,3570.000000,3450.000000,12.225000,3.608000,0.826000,8.796000,0.826000,8.312000
31.483999,45.000000,44.000000,48.000000,44.000000,47.000000,3570.000000,3450.000000,12.225000,3.608000,0.826000,8.781000,0.826000,8.281000
31.702999,45.000000,44.000000,48.000000,44.000000,47.000000,3570.000000,3420.000000,12.225000,3.608000,0.826000,8.796000,0.826000,8.296000
31.922001,45.000000,44.000000,48.000000,44.000000,47.000000,3570.000000,3420.000000,12.225000,3.608000,0.827000,8.796000,0.826000,8.296000
32.155998,46.000000,44.000000,48.000000,44.000000,47.000000,3570.000000,3420.000000,12.225000,3.608000,0.826000,8.812000,0.826000,8.296000
32.375000,46.000000,44.000000,48.000000,44.000000,47.000000,3570.000000,3420.000000,12.225000,3.608000,0.826000,8.765000,0.826000,8.281000
32.594002,46.000000,44.000000,48.000000,44.000000,47.000000,3570.000000,3420.000000,12.225000,3.608000,0.826000,8.796000,0.826000,8.328000
32.813000,46.000000,44.000000,48.000000,44.000000,47.000000,3570.000000,3420.000000,12.225000,3.608000,0.826000,8.750000,0.826000,8.296000
33.047001,46.000000,44.000000,48.000000,44.000000,47.000000,3570.000000,3420.000000,12.225000,3.608000,0.826000,8.718000,0.826000,8.312000
33.265999,46.000000,44.000000,48.000000,44.000000,47.000000,3570.000000,3420.000000,12.225000,3.608000,0.826000,8.781000,0.826000,8.265000
33.484001,46.000000,44.000000,48.000000,44.000000,47.000000,3570.000000,3420.000000,12.225000,3.608000,0.827000,8.750000,0.826000,8.296000
33.702999,46.000000,44.000000,48.000000,44.000000,47.000000,3570.000000,3420.000000,12.225000,3.608000,0.827000,8.781000,0.826000,8.296000
33.938000,46.000000,44.000000,48.000000,44.000000,47.000000,3570.000000,3420.000000,12.225000,3.608000,0.826000,8.812000,0.826000,8.265000
34.155998,46.000000,44.000000,48.000000,44.000000,47.000000,3540.000000,3420.000000,12.225000,3.608000,0.826000,8.781000,0.826000,8.281000
34.375000,46.000000,44.000000,48.000000,44.000000,47.000000,3540.000000,3420.000000,12.225000,3.608000,0.826000,8.781000,0.826000,8.343000
34.594002,46.000000,44.000000,48.000000,44.000000,47.000000,3540.000000,3420.000000,12.225000,3.608000,0.826000,8.796000,0.826000,8.265000
34.813000,46.000000,44.000000,48.000000,44.000000,47.000000,3540.000000,3420.000000,12.225000,3.608000,0.826000,8.781000,0.826000,8.281000
35.047001,46.000000,44.000000,48.000000,44.000000,47.000000,3540.000000,3420.000000,12.225000,3.608000,0.826000,8.812000,0.826000,8.312000
35.265999,46.000000,44.000000,48.000000,44.000000,47.000000,3540.000000,3420.000000,12.225000,3.608000,0.826000,8.828000,0.826000,8.265000
35.484001,46.000000,44.000000,48.000000,44.000000,47.000000,3540.000000,3420.000000,12.225000,3.608000,0.827000,8.781000,0.826000,8.296000
35.702999,46.000000,44.000000,48.000000,44.000000,47.000000,3540.000000,3420.000000,12.225000,3.608000,0.826000,8.781000,0.826000,8.265000
35.938000,46.000000,44.000000,48.000000,44.000000,47.000000,3540.000000,3420.000000,12.225000,3.608000,0.826000,8.812000,0.826000,8.265000
36.155998,46.000000,44.000000,48.000000,44.000000,47.000000,3540.000000,3420.000000,12.225000,3.608000,0.826000,8.750000,0.826000,8.281000
36.375000,46.000000,44.000000,48.000000,44.000000,47.000000,3570.000000,3450.000000,12.225000,3.608000,0.826000,8.796000,0.826000,8.312000
36.594002,46.000000,44.000000,48.000000,44.000000,47.000000,3570.000000,3450.000000,12.225000,3.608000,0.826000,8.765000,0.826000,8.328000
36.827999,46.000000,44.000000,48.000000,44.000000,47.000000,3570.000000,3450.000000,12.225000,3.608000,0.826000,8.765000,0.826000,8.296000
37.047001,46.000000,44.000000,48.000000,44.000000,47.000000,3570.000000,3450.000000,12.225000,3.608000,0.826000,8.828000,0.826000,8.328000
37.265999,46.000000,44.000000,48.000000,44.000000,47.000000,3570.000000,3450.000000,12.225000,3.608000,0.826000,8.812000,0.826000,8.281000
37.484001,46.000000,44.000000,48.000000,44.000000,47.000000,3570.000000,3450.000000,12.225000,3.608000,0.826000,8.781000,0.826000,8.359000
37.702999,46.000000,44.000000,48.000000,44.000000,47.000000,3570.000000,3450.000000,12.225000,3.608000,0.826000,8.796000,0.826000,8.312000
37.938000,46.000000,44.000000,48.000000,44.000000,47.000000,3570.000000,3450.000000,12.225000,3.608000,0.826000,8.781000,0.826000,8.265000
38.155998,46.000000,44.000000,48.000000,44.000000,47.000000,3570.000000,3450.000000,12.225000,3.608000,0.826000,8.781000,0.826000,8.343000
38.375000,46.000000,44.000000,48.000000,44.000000,47.000000,3570.000000,3450.000000,12.225000,3.608000,0.826000,8.796000,0.826000,8.265000
38.594002,46.000000,44.000000,48.000000,44.000000,47.000000,3600.000000,3480.000000,12.225000,3.608000,0.826000,8.796000,0.826000,8.281000
38.813000,46.000000,44.000000,48.000000,44.000000,47.000000,3600.000000,3480.000000,12.225000,3.608000,0.827000,8.843000,0.826000,8.281000
39.047001,46.000000,44.000000,48.000000,44.000000,47.000000,3600.000000,3480.000000,12.225000,3.608000,0.827000,8.796000,0.826000,8.312000
39.265999,46.000000,44.000000,48.000000,44.000000,47.000000,3600.000000,3480.000000,12.225000,3.608000,0.826000,8.781000,0.826000,8.312000
39.484001,46.000000,44.000000,48.000000,44.000000,47.000000,3600.000000,3480.000000,12.225000,3.608000,0.826000,8.750000,0.826000,8.343000
39.702999,46.000000,44.000000,48.000000,44.000000,47.000000,3600.000000,3480.000000,12.225000,3.608000,0.826000,8.812000,0.826000,8.296000
39.938000,46.000000,44.000000,48.000000,44.000000,47.000000,3600.000000,3480.000000,12.225000,3.608000,0.827000,8.812000,0.826000,8.281000
40.155998,46.000000,44.000000,48.000000,44.000000,47.000000,3600.000000,3480.000000,12.225000,3.608000,0.826000,8.796000,0.826000,8.265000
40.375000,46.000000,44.000000,48.000000,44.000000,47.000000,3600.000000,3480.000000,12.225000,3.608000,0.827000,8.796000,0.826000,8.296000
40.594002,46.000000,44.000000,48.000000,44.000000,47.000000,3600.000000,3480.000000,12.225000,3.608000,0.826000,8.781000,0.826000,8.296000
40.827999,46.000000,44.000000,48.000000,44.000000,47.000000,3630.000000,3480.000000,12.225000,3.608000,0.826000,8.734000,0.826000,8.375000
41.047001,46.000000,44.000000,48.000000,44.000000,47.000000,3630.000000,3480.000000,12.225000,3.608000,0.826000,8.796000,0.826000,8.265000
41.265999,46.000000,44.000000,48.000000,44.000000,47.000000,3630.000000,3480.000000,12.225000,3.608000,0.826000,8.843000,0.826000,8.312000
41.484001,46.000000,44.000000,48.000000,44.000000,47.000000,3630.000000,3480.000000,12.225000,3.608000,0.826000,8.812000,0.826000,8.312000
41.702999,46.000000,44.000000,48.000000,44.000000,47.000000,3630.000000,3480.000000,12.225000,3.608000,0.826000,8.796000,0.826000,8.265000
41.938000,46.000000,44.000000,48.000000,44.000000,47.000000,3630.000000,3480.000000,12.225000,3.616000,0.826000,8.781000,0.826000,8.250000
42.155998,46.000000,44.000000,48.000000,44.000000,47.000000,3630.000000,3480.000000,12.225000,3.616000,0.826000,8.781000,0.826000,8.265000
42.375000,46.000000,44.000000,48.000000,44.000000,47.000000,3630.000000,3480.000000,12.225000,3.608000,0.826000,8.781000,0.826000,8.296000
42.594002,46.000000,44.000000,48.000000,44.000000,47.000000,3630.000000,3480.000000,12.225000,3.616000,0.827000,8.781000,0.826000,8.281000
42.813000,46.000000,44.000000,48.000000,44.000000,47.000000,3630.000000,3480.000000,12.225000,3.616000,0.826000,8.781000,0.826000,8.281000
43.047001,46.000000,44.000000,48.000000,44.000000,47.000000,3660.000000,3510.000000,12.225000,3.608000,0.826000,8.765000,0.826000,8.296000
43.265999,46.000000,44.000000,48.000000,44.000000,47.000000,3660.000000,3510.000000,12.225000,3.616000,0.826000,8.796000,0.826000,8.296000
43.484001,46.000000,44.000000,48.000000,44.000000,47.000000,3660.000000,3510.000000,12.225000,3.616000,0.826000,8.796000,0.826000,8.281000
43.702999,46.000000,44.000000,48.000000,44.000000,47.000000,3660.000000,3510.000000,12.225000,3.608000,0.827000,8.781000,0.826000,8.250000
43.938000,46.000000,44.000000,48.000000,44.000000,47.000000,3660.000000,3510.000000,12.225000,3.616000,0.826000,8.812000,0.826000,8.328000
44.155998,46.000000,44.000000,48.000000,44.000000,47.000000,3660.000000,3510.000000,12.225000,3.616000,0.826000,8.765000,0.826000,8.359000
44.375000,46.000000,44.000000,48.000000,44.000000,47.000000,3660.000000,3510.000000,12.225000,3.608000,0.826000,8.796000,0.826000,8.265000
44.594002,46.000000,44.000000,48.000000,44.000000,47.000000,3660.000000,3510.000000,12.225000,3.616000,0.826000,8.781000,0.826000,8.296000
44.813000,46.000000,44.000000,48.000000,44.000000,47.000000,3660.000000,3510.000000,12.225000,3.616000,0.826000,8.765000,0.826000,8.343000
45.047001,46.000000,44.000000,48.000000,44.000000,47.000000,3660.000000,3510.000000,12.225000,3.616000,0.826000,8.828000,0.826000,8.281000
45.265999,46.000000,44.000000,48.000000,44.000000,47.000000,3660.000000,3540.000000,12.225000,3.616000,0.826000,8.781000,0.826000,8.265000
45.484001,46.000000,44.000000,48.000000,44.000000,47.000000,3660.000000,3540.000000,12.225000,3.616000,0.826000,8.812000,0.826000,8.296000
45.702999,46.000000,44.000000,48.000000,44.000000,47.000000,3660.000000,3540.000000,12.225000,3.616000,0.826000,8.843000,0.826000,8.312000
45.938000,46.000000,44.000000,48.000000,44.000000,47.000000,3660.000000,3540.000000,12.225000,3.616000,0.827000,8.812000,0.826000,8.265000
46.155998,46.000000,44.000000,48.000000,44.000000,47.000000,3660.000000,3540.000000,12.225000,3.608000,0.827000,8.828000,0.826000,8.343000
46.375000,46.000000,44.000000,48.000000,44.000000,47.000000,3660.000000,3540.000000,12.225000,3.616000,0.826000,8.828000,0.826000,8.265000
46.594002,46.000000,44.000000,48.000000,44.000000,47.000000,3660.000000,3540.000000,12.225000,3.616000,0.826000,8.796000,0.826000,8.250000
46.827999,46.000000,44.000000,48.000000,44.000000,47.000000,3660.000000,3540.000000,12.225000,3.608000,0.827000,8.812000,0.826000,8.281000
47.047001,46.000000,44.000000,48.000000,44.000000,47.000000,3660.000000,3540.000000,12.225000,3.616000,0.827000,8.750000,0.826000,8.312000
47.265999,46.000000,44.000000,48.000000,44.000000,47.000000,3660.000000,3540.000000,12.225000,3.616000,0.826000,8.796000,0.826000,8.328000
47.484001,46.000000,44.000000,48.000000,44.000000,47.000000,3660.000000,3540.000000,12.225000,3.616000,0.826000,8.812000,0.826000,8.296000
47.702999,46.000000,44.000000,48.000000,44.000000,47.000000,3660.000000,3540.000000,12.225000,3.616000,0.827000,8.781000,0.826000,8.265000
47.938000,46.000000,44.000000,48.000000,44.000000,47.000000,3660.000000,3540.000000,12.225000,3.608000,0.826000,8.781000,0.826000,8.265000
48.155998,46.000000,44.000000,48.000000,44.000000,47.000000,3660.000000,3540.000000,12.225000,3.616000,0.826000,8.812000,0.826000,8.343000
48.375000,46.000000,44.000000,48.000000,44.000000,47.000000,3660.000000,3540.000000,12.225000,3.616000,0.826000,8.765000,0.826000,8.343000
48.594002,46.000000,44.000000,48.000000,44.000000,47.000000,3660.000000,3540.000000,12.225000,3.616000,0.827000,8.781000,0.826000,8.265000
48.813000,46.000000,44.000000,48.000000,44.000000,47.000000,3660.000000,3540.000000,12.225000,3.616000,0.826000,8.781000,0.826000,8.343000
49.047001,46.000000,44.000000,48.000000,44.000000,47.000000,3660.000000,3540.000000,12.225000,3.616000,0.826000,8.796000,0.826000,8.296000
49.265999,46.000000,44.000000,48.000000,44.000000,47.000000,3660.000000,3540.000000,12.225000,3.266000,0.826000,7.968000,0.826000,7.554000
49.484001,46.000000,44.000000,48.000000,44.000000,47.000000,3660.000000,3540.000000,12.225000,3.266000,0.827000,8.062000,0.826000,7.554000
49.719002,46.000000,44.000000,48.000000,44.000000,47.000000,3690.000000,3540.000000,12.225000,3.266000,0.827000,7.976000,0.826000,7.531000
49.938000,46.000000,44.000000,48.000000,44.000000,47.000000,3690.000000,3540.000000,12.225000,3.266000,0.826000,8.062000,0.826000,7.500000
50.155998,46.000000,44.000000,48.000000,44.000000,47.000000,3690.000000,3540.000000,12.225000,3.266000,0.826000,8.031000,0.826000,7.562000
50.375000,46.000000,44.000000,48.000000,44.000000,47.000000,3690.000000,3540.000000,12.225000,3.266000,0.826000,8.015000,0.826000,7.578000
50.594002,46.000000,44.000000,48.000000,44.000000,47.000000,3690.000000,3540.000000,12.225000,3.266000,0.826000,8.046000,0.826000,7.531000
50.827999,46.000000,44.000000,48.000000,44.000000,47.000000,3690.000000,3540.000000,12.225000,3.266000,0.827000,7.984000,0.826000,7.554000
51.047001,46.000000,44.000000,48.000000,44.000000,47.000000,3690.000000,3540.000000,12.225000,3.266000,0.826000,8.062000,0.826000,7.507000
51.265999,46.000000,44.000000,48.000000,44.000000,47.000000,3690.000000,3540.000000,12.225000,3.266000,0.826000,8.046000,0.826000,7.531000
51.484001,46.000000,44.000000,48.000000,44.000000,47.000000,3690.000000,3540.000000,12.225000,3.266000,0.827000,8.000000,0.826000,7.539000
51.702999,46.000000,44.000000,48.000000,44.000000,47.000000,3690.000000,3540.000000,12.225000,3.266000,0.826000,8.031000,0.826000,7.546000
51.938000,46.000000,44.000000,48.000000,44.000000,47.000000,3720.000000,3570.000000,12.225000,3.266000,0.826000,8.000000,0.826000,7.562000
52.155998,45.000000,44.000000,48.000000,44.000000,47.000000,3720.000000,3570.000000,12.225000,3.266000,0.826000,7.976000,0.826000,7.523000
52.375000,45.000000,44.000000,48.000000,44.000000,47.000000,3720.000000,3570.000000,12.225000,3.266000,0.826000,8.046000,0.826000,7.578000
52.594002,45.000000,44.000000,48.000000,44.000000,47.000000,3720.000000,3570.000000,12.225000,3.266000,0.826000,7.976000,0.826000,7.539000
52.813000,45.000000,44.000000,48.000000,44.000000,47.000000,3720.000000,3570.000000,12.225000,3.266000,0.826000,7.984000,0.826000,7.539000
53.030998,45.000000,44.000000,48.000000,44.000000,47.000000,3720.000000,3570.000000,12.225000,3.266000,0.826000,8.000000,0.826000,7.539000
53.250000,45.000000,44.000000,48.000000,44.000000,47.000000,3720.000000,3570.000000,12.225000,3.266000,0.826000,8.015000,0.826000,7.500000
53.484001,45.000000,44.000000,48.000000,44.000000,47.000000,3720.000000,3570.000000,12.225000,3.266000,0.827000,8.015000,0.826000,7.507000
53.702999,45.000000,44.000000,48.000000,44.000000,47.000000,3720.000000,3570.000000,12.225000,3.266000,0.826000,7.992000,0.826000,7.554000
53.922001,45.000000,44.000000,48.000000,44.000000,47.000000,3720.000000,3570.000000,12.225000,3.266000,0.827000,8.015000,0.826000,7.593000
54.155998,45.000000,44.000000,48.000000,44.000000,47.000000,3690.000000,3540.000000,12.225000,3.258000,0.826000,8.015000,0.826000,7.554000
54.375000,46.000000,44.000000,48.000000,44.000000,47.000000,3690.000000,3540.000000,12.225000,3.258000,0.827000,8.015000,0.826000,7.601000
54.594002,46.000000,44.000000,48.000000,44.000000,47.000000,3690.000000,3540.000000,12.225000,3.266000,0.826000,8.015000,0.826000,7.484000
54.813000,46.000000,44.000000,48.000000,44.000000,47.000000,3690.000000,3540.000000,12.225000,3.266000,0.827000,8.000000,0.826000,7.515000
55.047001,46.000000,44.000000,48.000000,44.000000,47.000000,3690.000000,3540.000000,12.225000,3.258000,0.827000,8.000000,0.826000,7.546000
55.265999,46.000000,44.000000,48.000000,44.000000,47.000000,3690.000000,3540.000000,12.225000,3.266000,0.826000,8.078000,0.826000,7.507000
55.484001,46.000000,44.000000,48.000000,44.000000,47.000000,3690.000000,3540.000000,12.225000,3.266000,0.826000,8.031000,0.826000,7.562000
55.702999,46.000000,44.000000,48.000000,44.000000,47.000000,3690.000000,3540.000000,12.225000,3.258000,0.826000,8.015000,0.826000,7.507000
55.922001,46.000000,44.000000,48.000000,44.000000,47.000000,3690.000000,3540.000000,12.225000,3.266000,0.826000,8.015000,0.826000,7.523000
56.155998,46.000000,44.000000,48.000000,44.000000,47.000000,3690.000000,3540.000000,12.225000,3.266000,0.826000,8.000000,0.826000,7.539000
56.375000,46.000000,44.000000,48.000000,44.000000,47.000000,3660.000000,3510.000000,12.225000,3.266000,0.826000,8.031000,0.826000,7.570000
56.594002,46.000000,44.000000,48.000000,44.000000,47.000000,3660.000000,3510.000000,12.225000,3.266000,0.826000,8.046000,0.826000,7.531000
56.813000,46.000000,44.000000,48.000000,44.000000,47.000000,3660.000000,3510.000000,12.225000,3.266000,0.826000,8.015000,0.826000,7.539000
57.047001,46.000000,44.000000,48.000000,44.000000,47.000000,3660.000000,3510.000000,12.225000,3.266000,0.826000,8.015000,0.826000,7.554000
57.265999,46.000000,44.000000,48.000000,44.000000,47.000000,3660.000000,3510.000000,12.225000,3.266000,0.826000,7.968000,0.826000,7.531000
57.484001,46.000000,44.000000,48.000000,44.000000,47.000000,3660.000000,3510.000000,12.225000,3.266000,0.826000,8.000000,0.826000,7.523000
57.702999,46.000000,44.000000,48.000000,44.000000,47.000000,3660.000000,3510.000000,12.225000,3.266000,0.826000,8.015000,0.826000,7.531000
57.938000,46.000000,44.000000,48.000000,44.000000,47.000000,3660.000000,3510.000000,12.225000,3.266000,0.826000,7.992000,0.826000,7.570000
58.155998,46.000000,44.000000,48.000000,44.000000,47.000000,3660.000000,3510.000000,12.225000,3.266000,0.827000,7.976000,0.826000,7.531000
58.375000,46.000000,44.000000,48.000000,44.000000,47.000000,3660.000000,3510.000000,12.225000,3.266000,0.826000,7.984000,0.826000,7.539000
58.594002,45.000000,44.000000,48.000000,44.000000,47.000000,3660.000000,3540.000000,12.225000,3.266000,0.826000,8.000000,0.826000,7.523000
58.827999,45.000000,44.000000,48.000000,44.000000,47.000000,3660.000000,3540.000000,12.225000,3.266000,0.826000,7.984000,0.826000,7.570000
59.047001,45.000000,44.000000,48.000000,44.000000,47.000000,3660.000000,3540.000000,12.225000,3.258000,0.826000,8.031000,0.826000,7.554000
59.265999,45.000000,44.000000,48.000000,44.000000,47.000000,3660.000000,3540.000000,12.225000,3.266000,0.826000,8.031000,0.826000,7.523000
59.484001,45.000000,44.000000,48.000000,44.000000,47.000000,3660.000000,3540.000000,12.225000,3.266000,0.826000,7.968000,0.826000,7.500000
59.702999,45.000000,44.000000,48.000000,44.000000,47.000000,3660.000000,3540.000000,12.225000,3.258000,0.827000,8.015000,0.826000,7.539000
59.938000,45.000000,44.000000,48.000000,44.000000,47.000000,3660.000000,3540.000000,12.225000,3.258000,0.826000,8.031000,0.826000,7.546000
60.155998,45.000000,44.000000,48.000000,44.000000,47.000000,3660.000000,3540.000000,12.225000,3.258000,0.826000,8.000000,0.826000,7.554000
60.375000,45.000000,44.000000,48.000000,44.000000,47.000000,3660.000000,3540.000000,12.225000,3.266000,0.827000,8.031000,0.826000,7.593000
60.594002,45.000000,44.000000,48.000000,44.000000,47.000000,3660.000000,3540.000000,12.225000,3.258000,0.826000,8.031000,0.826000,7.531000
60.827999,46.000000,44.000000,48.000000,44.000000,47.000000,3630.000000,3510.000000,12.225000,3.258000,0.826000,7.992000,0.826000,7.523000
61.047001,46.000000,44.000000,48.000000,44.000000,47.000000,3630.000000,3510.000000,12.225000,3.258000,0.826000,8.015000,0.826000,7.554000
61.265999,46.000000,44.000000,48.000000,44.000000,47.000000,3630.000000,3510.000000,12.225000,3.258000,0.826000,7.968000,0.826000,7.523000
61.484001,46.000000,44.000000,48.000000,44.000000,47.000000,3630.000000,3510.000000,12.225000,3.258000,0.826000,8.031000,0.826000,7.578000
61.702999,46.000000,44.000000,48.000000,44.000000,47.000000,3630.000000,3510.000000,12.225000,3.266000,0.826000,8.031000,0.826000,7.515000
61.938000,46.000000,44.000000,48.000000,44.000000,47.000000,3630.000000,3510.000000,12.225000,3.266000,0.827000,7.960000,0.826000,7.539000
62.155998,46.000000,44.000000,48.000000,44.000000,47.000000,3630.000000,3510.000000,12.225000,3.258000,0.826000,8.015000,0.826000,7.539000
62.375000,46.000000,44.000000,48.000000,44.000000,47.000000,3630.000000,3510.000000,12.225000,3.266000,0.826000,8.015000,0.826000,7.507000
62.594002,46.000000,44.000000,48.000000,44.000000,47.000000,3630.000000,3510.000000,12.225000,3.258000,0.826000,8.031000,0.826000,7.539000
62.813000,46.000000,44.000000,48.000000,44.000000,47.000000,3630.000000,3510.000000,12.225000,3.258000,0.826000,8.031000,0.826000,7.492000
63.047001,45.000000,44.000000,48.000000,44.000000,47.000000,3630.000000,3510.000000,12.225000,3.266000,0.826000,8.031000,0.826000,7.539000
63.265999,45.000000,44.000000,48.000000,44.000000,47.000000,3630.000000,3510.000000,12.225000,3.266000,0.826000,8.000000,0.826000,7.546000
63.484001,45.000000,44.000000,48.000000,44.000000,47.000000,3630.000000,3510.000000,12.225000,3.258000,0.826000,8.000000,0.826000,7.554000
63.702999,45.000000,44.000000,48.000000,44.000000,47.000000,3630.000000,3510.000000,12.225000,3.258000,0.826000,7.992000,0.826000,7.539000
63.938000,45.000000,44.000000,48.000000,44.000000,47.000000,3630.000000,3510.000000,12.225000,3.258000,0.826000,8.015000,0.826000,7.546000
64.155998,45.000000,44.000000,48.000000,44.000000,47.000000,3630.000000,3510.000000,12.225000,3.258000,0.826000,8.015000,0.826000,7.570000
64.375000,45.000000,44.000000,48.000000,44.000000,47.000000,3630.000000,3510.000000,12.225000,3.258000,0.826000,8.031000,0.826000,7.531000
64.594002,45.000000,44.000000,48.000000,44.000000,47.000000,3630.000000,3510.000000,12.225000,3.258000,0.826000,7.992000,0.826000,7.546000
64.813004,45.000000,44.000000,48.000000,44.000000,47.000000,3630.000000,3510.000000,12.225000,3.258000,0.826000,8.015000,0.826000,7.507000
65.030998,45.000000,44.000000,48.000000,44.000000,47.000000,3630.000000,3510.000000,12.225000,3.258000,0.826000,7.984000,0.826000,7.539000
65.219002,45.000000,44.000000,48.000000,44.000000,47.000000,3600.000000,3480.000000,12.225000,3.258000,0.827000,8.046000,0.826000,7.531000
65.390999,45.000000,44.000000,48.000000,44.000000,47.000000,3600.000000,3480.000000,12.225000,3.258000,0.826000,8.015000,0.826000,7.523000
65.594002,45.000000,44.000000,48.000000,44.000000,47.000000,3600.000000,3480.000000,12.225000,3.258000,0.826000,8.015000,0.826000,7.546000
65.813004,45.000000,44.000000,48.000000,44.000000,47.000000,3600.000000,3480.000000,12.225000,3.258000,0.827000,8.062000,0.826000,7.593000
66.030998,45.000000,44.000000,48.000000,44.000000,47.000000,3600.000000,3480.000000,12.225000,3.258000,0.826000,8.015000,0.826000,7.593000
66.250000,45.000000,44.000000,48.000000,44.000000,47.000000,3600.000000,3480.000000,12.225000,3.258000,0.826000,7.960000,0.826000,7.531000
66.453003,45.000000,44.000000,48.000000,44.000000,47.000000,3600.000000,3480.000000,12.225000,3.258000,0.826000,8.015000,0.826000,7.515000
66.671997,45.000000,44.000000,48.000000,44.000000,47.000000,3600.000000,3480.000000,12.225000,3.258000,0.826000,8.000000,0.826000,7.507000
66.905998,45.000000,44.000000,48.000000,44.000000,47.000000,3600.000000,3480.000000,12.225000,3.258000,0.826000,8.000000,0.826000,7.554000
67.375000,45.000000,44.000000,48.000000,44.000000,47.000000,3600.000000,3450.000000,12.225000,3.258000,0.826000,8.000000,0.826000,7.539000
67.594002,46.000000,44.000000,48.000000,44.000000,47.000000,3540.000000,3450.000000,12.225000,3.258000,0.826000,7.992000,0.826000,7.562000
67.813004,46.000000,44.000000,48.000000,44.000000,47.000000,3540.000000,3450.000000,12.225000,3.258000,0.826000,7.984000,0.826000,7.523000
68.030998,46.000000,44.000000,48.000000,44.000000,47.000000,3540.000000,3450.000000,12.225000,3.258000,0.826000,8.031000,0.826000,7.515000
68.234001,46.000000,44.000000,48.000000,44.000000,47.000000,3540.000000,3450.000000,12.225000,3.258000,0.826000,8.031000,0.826000,7.539000
68.453003,46.000000,44.000000,48.000000,44.000000,47.000000,3540.000000,3450.000000,12.225000,3.258000,0.826000,8.046000,0.826000,7.507000
